Subject,Start Date,All Day Event,Description
â™»ï¸ Recycling Day,01-05-21,TRUE,Recycling/Green Bin - See https://www.toronto.ca/services-payments/recycling-organics-garbage/waste-wizard/
ğŸ„ Christmas Tree/Garbage Day,01-12-21,TRUE,Christmas Tree/Garbage/Green Bin - See https://www.toronto.ca/services-payments/recycling-organics-garbage/houses/what-goes-in-my-green-bin/
â™»ï¸ Recycling Day,01-19-21,TRUE,Recycling/Green Bin - See https://www.toronto.ca/services-payments/recycling-organics-garbage/waste-wizard/
ğŸ„ Christmas Tree/Garbage Day,01-26-21,TRUE,Christmas Tree/Garbage/Green Bin - See https://www.toronto.ca/services-payments/recycling-organics-garbage/houses/what-goes-in-my-green-bin/
â™»ï¸ Recycling Day,02-02-21,TRUE,Recycling/Green Bin - See https://www.toronto.ca/services-payments/recycling-organics-garbage/waste-wizard/
🗑 Garbage Day,02-09-21,TRUE,Garbage/Green Bin - See https://www.toronto.ca/services-payments/recycling-organics-garbage/houses/what-goes-in-my-green-bin/
â™»ï¸ Recycling Day,02-16-21,TRUE,Recycling/Green Bin - See https://www.toronto.ca/services-payments/recycling-organics-garbage/waste-wizard/
🗑 Garbage Day,02-23-21,TRUE,Garbage/Green Bin - See https://www.toronto.ca/services-payments/recycling-organics-garbage/houses/what-goes-in-my-green-bin/
â™»ï¸ Recycling Day,03-02-21,TRUE,Recycling/Green Bin - See https://www.toronto.ca/services-payments/recycling-organics-garbage/waste-wizard/
🗑 Garbage Day,03-09-21,TRUE,Garbage/Green Bin - See https://www.toronto.ca/services-payments/recycling-organics-garbage/houses/what-goes-in-my-green-bin/
â™»ï¸ Recycling Day,03-16-21,TRUE,Recycling/Green Bin - See https://www.toronto.ca/services-payments/recycling-organics-garbage/waste-wizard/
🗑 Garbage Day,03-23-21,TRUE,Garbage/Green Bin/Yard Waste - See https://www.toronto.ca/services-payments/recycling-organics-garbage/houses/what-goes-in-my-green-bin/
â™»ï¸ Recycling Day,03-30-21,TRUE,Recycling/Green Bin - See https://www.toronto.ca/services-payments/recycling-organics-garbage/waste-wizard/
🗑 Garbage Day,04-06-21,TRUE,Garbage/Green Bin/Yard Waste - See https://www.toronto.ca/services-payments/recycling-organics-garbage/houses/what-goes-in-my-green-bin/
â™»ï¸ Recycling Day,04-13-21,TRUE,Recycling/Green Bin - See https://www.toronto.ca/services-payments/recycling-organics-garbage/waste-wizard/
🗑 Garbage Day,04-20-21,TRUE,Garbage/Green Bin/Yard Waste - See https://www.toronto.ca/services-payments/recycling-organics-garbage/houses/what-goes-in-my-green-bin/
â™»ï¸ Recycling Day,04-27-21,TRUE,Recycling/Green Bin - See https://www.toronto.ca/services-payments/recycling-organics-garbage/waste-wizard/
🗑 Garbage Day,05-04-21,TRUE,Garbage/Green Bin/Yard Waste - See https://www.toronto.ca/services-payments/recycling-organics-garbage/houses/what-goes-in-my-green-bin/
â™»ï¸ Recycling Day,05-11-21,TRUE,Recycling/Green Bin - See https://www.toronto.ca/services-payments/recycling-organics-garbage/waste-wizard/
🗑 Garbage Day,05-18-21,TRUE,Garbage/Green Bin/Yard Waste - See https://www.toronto.ca/services-payments/recycling-organics-garbage/houses/what-goes-in-my-green-bin/
â™»ï¸ Recycling Day,05-25-21,TRUE,Recycling/Green Bin - See https://www.toronto.ca/services-payments/recycling-organics-garbage/waste-wizard/
🗑 Garbage Day,06-01-21,TRUE,Garbage/Green Bin/Yard Waste - See https://www.toronto.ca/services-payments/recycling-organics-garbage/houses/what-goes-in-my-green-bin/
â™»ï¸ Recycling Day,06-08-21,TRUE,Recycling/Green Bin - See https://www.toronto.ca/services-payments/recycling-organics-garbage/waste-wizard/
🗑 Garbage Day,06-15-21,TRUE,Garbage/Green Bin/Yard Waste - See https://www.toronto.ca/services-payments/recycling-organics-garbage/houses/what-goes-in-my-green-bin/
â™»ï¸ Recycling Day,06-22-21,TRUE,Recycling/Green Bin - See https://www.toronto.ca/services-payments/recycling-organics-garbage/waste-wizard/
🗑 Garbage Day,06-29-21,TRUE,Garbage/Green Bin/Yard Waste - See https://www.toronto.ca/services-payments/recycling-organics-garbage/houses/what-goes-in-my-green-bin/
â™»ï¸ Recycling Day,07-06-21,TRUE,Recycling/Green Bin - See https://www.toronto.ca/services-payments/recycling-organics-garbage/waste-wizard/
🗑 Garbage Day,07-13-21,TRUE,Garbage/Green Bin/Yard Waste - See https://www.toronto.ca/services-payments/recycling-organics-garbage/houses/what-goes-in-my-green-bin/
â™»ï¸ Recycling Day,07-20-21,TRUE,Recycling/Green Bin - See https://www.toronto.ca/services-payments/recycling-organics-garbage/waste-wizard/
🗑 Garbage Day,07-27-21,TRUE,Garbage/Green Bin/Yard Waste - See https://www.toronto.ca/services-payments/recycling-organics-garbage/houses/what-goes-in-my-green-bin/
â™»ï¸ Recycling Day,08-03-21,TRUE,Recycling/Green Bin - See https://www.toronto.ca/services-payments/recycling-organics-garbage/waste-wizard/
🗑 Garbage Day,08-10-21,TRUE,Garbage/Green Bin/Yard Waste - See https://www.toronto.ca/services-payments/recycling-organics-garbage/houses/what-goes-in-my-green-bin/
â™»ï¸ Recycling Day,08-17-21,TRUE,Recycling/Green Bin - See https://www.toronto.ca/services-payments/recycling-organics-garbage/waste-wizard/
🗑 Garbage Day,08-24-21,TRUE,Garbage/Green Bin/Yard Waste - See https://www.toronto.ca/services-payments/recycling-organics-garbage/houses/what-goes-in-my-green-bin/
â™»ï¸ Recycling Day,08-31-21,TRUE,Recycling/Green Bin - See https://www.toronto.ca/services-payments/recycling-organics-garbage/waste-wizard/
🗑 Garbage Day,09-07-21,TRUE,Garbage/Green Bin/Yard Waste - See https://www.toronto.ca/services-payments/recycling-organics-garbage/houses/what-goes-in-my-green-bin/
â™»ï¸ Recycling Day,09-14-21,TRUE,Recycling/Green Bin - See https://www.toronto.ca/services-payments/recycling-organics-garbage/waste-wizard/
🗑 Garbage Day,09-21-21,TRUE,Garbage/Green Bin/Yard Waste - See https://www.toronto.ca/services-payments/recycling-organics-garbage/houses/what-goes-in-my-green-bin/
â™»ï¸ Recycling Day,09-28-21,TRUE,Recycling/Green Bin - See https://www.toronto.ca/services-payments/recycling-organics-garbage/waste-wizard/
🗑 Garbage Day,10-05-21,TRUE,Garbage/Green Bin/Yard Waste - See https://www.toronto.ca/services-payments/recycling-organics-garbage/houses/what-goes-in-my-green-bin/
â™»ï¸ Recycling Day,10-12-21,TRUE,Recycling/Green Bin - See https://www.toronto.ca/services-payments/recycling-organics-garbage/waste-wizard/
🗑 Garbage Day,10-19-21,TRUE,Garbage/Green Bin/Yard Waste - See https://www.toronto.ca/services-payments/recycling-organics-garbage/houses/what-goes-in-my-green-bin/
â™»ï¸ Recycling Day,10-26-21,TRUE,Recycling/Green Bin - See https://www.toronto.ca/services-payments/recycling-organics-garbage/waste-wizard/
🗑 Garbage Day,11-02-21,TRUE,Garbage/Green Bin/Yard Waste - See https://www.toronto.ca/services-payments/recycling-organics-garbage/houses/what-goes-in-my-green-bin/
â™»ï¸ Recycling Day,11-09-21,TRUE,Recycling/Green Bin - See https://www.toronto.ca/services-payments/recycling-organics-garbage/waste-wizard/
🗑 Garbage Day,11-16-21,TRUE,Garbage/Green Bin/Yard Waste - See https://www.toronto.ca/services-payments/recycling-organics-garbage/houses/what-goes-in-my-green-bin/
â™»ï¸ Recycling Day,11-23-21,TRUE,Recycling/Green Bin - See https://www.toronto.ca/services-payments/recycling-organics-garbage/waste-wizard/
🗑 Garbage Day,11-30-21,TRUE,Garbage/Green Bin/Yard Waste - See https://www.toronto.ca/services-payments/recycling-organics-garbage/houses/what-goes-in-my-green-bin/
â™»ï¸ Recycling Day,12-07-21,TRUE,Recycling/Green Bin - See https://www.toronto.ca/services-payments/recycling-organics-garbage/waste-wizard/
🗑 Garbage Day,12-14-21,TRUE,Garbage/Green Bin - See https://www.toronto.ca/services-payments/recycling-organics-garbage/houses/what-goes-in-my-green-bin/
â™»ï¸ Recycling Day,12-21-21,TRUE,Recycling/Green Bin - See https://www.toronto.ca/services-payments/recycling-organics-garbage/waste-wizard/
🗑 Garbage Day,12-28-21,TRUE,Garbage/Green Bin - See https://www.toronto.ca/services-payments/recycling-organics-garbage/houses/what-goes-in-my-green-bin/
